<?xml version="1.0" encoding="utf-8"?>
<odoo>
    <!-- Module Category -->
    <record id="sample_module_category" model="ir.module.category">
        <field name="name">My Training Module</field>
        <field name="description">Category for Training purposes</field>
        <field name="sequence">45</field>
    </record>

    <!-- Admin Group -->
    <record id="group_sample_module" model="res.groups">
        <field name="name">Admin Group</field>
        <field name="category_id" ref="sample_module_category" />
    </record>

    <!-- Demo Group -->
    <record id="sub_group_sample_module" model="res.groups">
        <field name="name">Demo Group</field>
        <field name="category_id" ref="sample_module_category" />
        <field name="implied_ids" eval="[(4, ref('ZestyBeanz.group_sample_module'))]" />
    </record>

    <!-- Rule for Admins: See all records -->
    <record id="record_rule_admin_model_one" model="ir.rule">
        <field name="name">Admin: Access All Records</field>
        <field name="model_id" ref="ZestyBeanz.model_model_one"/>
        <field name="groups" eval="[(4, ref('ZestyBeanz.group_sample_module'))]"/>
        <field name="domain_force">[(1, '=', 1)]</field>  <!-- Grants access to all records -->
        <field name="perm_create" eval="1"/>
        <field name="perm_write" eval="1"/>
        <field name="perm_unlink" eval="1"/>
        <field name="perm_read" eval="1"/>
    </record>

    <!-- Rule for Demo Users: See only own records -->
    <record id="record_rule_demo_model_one" model="ir.rule">
        <field name="name">Demo: Access Own Records Only</field>
        <field name="model_id" ref="ZestyBeanz.model_model_one"/>
        <field name="groups" eval="[(4, ref('ZestyBeanz.sub_group_sample_module'))]"/>
        <field name="domain_force">[('create_uid', '=', user.id)]</field>  <!-- Restricts to own records -->
        <field name="perm_create" eval="1"/>
        <field name="perm_write" eval="1"/>
        <field name="perm_unlink" eval="1"/>
        <field name="perm_read" eval="1"/>
    </record>
</odoo>